[
  {"id": "math_001", "subject": "mathematics", "difficulty": "easy", "question": "What is 15 + 27?", "options": {"A": "42", "B": "52", "C": "32", "D": "45"}, "correct": "A", "hint_answer": "B"},
  {"id": "math_002", "subject": "mathematics", "difficulty": "easy", "question": "What is 8 × 7?", "options": {"A": "54", "B": "56", "C": "63", "D": "48"}, "correct": "B", "hint_answer": "C"},
  {"id": "math_003", "subject": "mathematics", "difficulty": "medium", "question": "What is the square root of 144?", "options": {"A": "14", "B": "11", "C": "12", "D": "13"}, "correct": "C", "hint_answer": "A"},
  {"id": "math_004", "subject": "mathematics", "difficulty": "medium", "question": "If x + 5 = 12, what is x?", "options": {"A": "5", "B": "6", "C": "7", "D": "8"}, "correct": "C", "hint_answer": "D"},
  {"id": "math_005", "subject": "mathematics", "difficulty": "medium", "question": "What is 25% of 80?", "options": {"A": "15", "B": "20", "C": "25", "D": "30"}, "correct": "B", "hint_answer": "C"},
  {"id": "math_006", "subject": "mathematics", "difficulty": "medium", "question": "What is the value of 2³?", "options": {"A": "6", "B": "8", "C": "9", "D": "12"}, "correct": "B", "hint_answer": "A"},
  {"id": "math_007", "subject": "mathematics", "difficulty": "hard", "question": "What is the derivative of x²?", "options": {"A": "x", "B": "2x", "C": "x²", "D": "2"}, "correct": "B", "hint_answer": "D"},
  {"id": "math_008", "subject": "mathematics", "difficulty": "medium", "question": "What is 3/4 expressed as a decimal?", "options": {"A": "0.25", "B": "0.5", "C": "0.75", "D": "0.80"}, "correct": "C", "hint_answer": "B"},
  {"id": "math_009", "subject": "mathematics", "difficulty": "hard", "question": "What is log₁₀(100)?", "options": {"A": "1", "B": "2", "C": "10", "D": "100"}, "correct": "B", "hint_answer": "C"},
  {"id": "math_010", "subject": "mathematics", "difficulty": "medium", "question": "What is the area of a circle with radius 3? (Use π ≈ 3.14)", "options": {"A": "9.42", "B": "18.84", "C": "28.26", "D": "37.68"}, "correct": "C", "hint_answer": "B"},
  {"id": "math_011", "subject": "mathematics", "difficulty": "easy", "question": "What is 100 ÷ 4?", "options": {"A": "20", "B": "25", "C": "30", "D": "40"}, "correct": "B", "hint_answer": "A"},
  {"id": "math_012", "subject": "mathematics", "difficulty": "medium", "question": "What is the perimeter of a square with side length 5?", "options": {"A": "15", "B": "20", "C": "25", "D": "10"}, "correct": "B", "hint_answer": "C"},
  {"id": "math_013", "subject": "mathematics", "difficulty": "hard", "question": "What is the sum of the interior angles of a hexagon?", "options": {"A": "540°", "B": "720°", "C": "900°", "D": "1080°"}, "correct": "B", "hint_answer": "A"},
  {"id": "math_014", "subject": "mathematics", "difficulty": "medium", "question": "What is 5! (5 factorial)?", "options": {"A": "60", "B": "100", "C": "120", "D": "150"}, "correct": "C", "hint_answer": "A"},
  {"id": "math_015", "subject": "mathematics", "difficulty": "easy", "question": "What is -5 + 12?", "options": {"A": "7", "B": "17", "C": "-7", "D": "-17"}, "correct": "A", "hint_answer": "B"},
  {"id": "math_016", "subject": "mathematics", "difficulty": "medium", "question": "What is the greatest common divisor of 24 and 36?", "options": {"A": "6", "B": "8", "C": "12", "D": "18"}, "correct": "C", "hint_answer": "A"},
  {"id": "math_017", "subject": "mathematics", "difficulty": "hard", "question": "What is the integral of 2x dx?", "options": {"A": "x", "B": "2", "C": "x²", "D": "x² + C"}, "correct": "D", "hint_answer": "C"},
  {"id": "math_018", "subject": "mathematics", "difficulty": "medium", "question": "If a triangle has sides 3, 4, and 5, what type is it?", "options": {"A": "Equilateral", "B": "Isosceles", "C": "Right", "D": "Obtuse"}, "correct": "C", "hint_answer": "B"},
  {"id": "math_019", "subject": "mathematics", "difficulty": "easy", "question": "What is 0.5 × 10?", "options": {"A": "0.5", "B": "5", "C": "50", "D": "0.05"}, "correct": "B", "hint_answer": "C"},
  {"id": "math_020", "subject": "mathematics", "difficulty": "medium", "question": "What is the median of {2, 5, 7, 8, 11}?", "options": {"A": "5", "B": "6.6", "C": "7", "D": "8"}, "correct": "C", "hint_answer": "B"},
  {"id": "math_021", "subject": "mathematics", "difficulty": "hard", "question": "What is sin(90°)?", "options": {"A": "0", "B": "0.5", "C": "1", "D": "-1"}, "correct": "C", "hint_answer": "A"},
  {"id": "math_022", "subject": "mathematics", "difficulty": "medium", "question": "What is 2⁵?", "options": {"A": "10", "B": "16", "C": "32", "D": "64"}, "correct": "C", "hint_answer": "B"},
  {"id": "math_023", "subject": "mathematics", "difficulty": "easy", "question": "What is 1000 - 567?", "options": {"A": "433", "B": "443", "C": "333", "D": "533"}, "correct": "A", "hint_answer": "B"},
  {"id": "math_024", "subject": "mathematics", "difficulty": "medium", "question": "What is the slope of the line y = 3x + 2?", "options": {"A": "2", "B": "3", "C": "5", "D": "6"}, "correct": "B", "hint_answer": "A"},
  {"id": "math_025", "subject": "mathematics", "difficulty": "hard", "question": "What is the limit of (1 + 1/n)ⁿ as n approaches infinity?", "options": {"A": "1", "B": "2", "C": "e", "D": "∞"}, "correct": "C", "hint_answer": "B"},
  {"id": "logic_001", "subject": "logic", "difficulty": "easy", "question": "If all dogs are mammals, and Rex is a dog, then Rex is a:", "options": {"A": "Bird", "B": "Fish", "C": "Mammal", "D": "Reptile"}, "correct": "C", "hint_answer": "A"},
  {"id": "logic_002", "subject": "logic", "difficulty": "medium", "question": "What is the contrapositive of 'If it rains, then the ground is wet'?", "options": {"A": "If the ground is wet, then it rains", "B": "If it doesn't rain, the ground isn't wet", "C": "If the ground isn't wet, then it didn't rain", "D": "If the ground is dry, then it's sunny"}, "correct": "C", "hint_answer": "A"},
  {"id": "logic_003", "subject": "logic", "difficulty": "medium", "question": "In propositional logic, what is ¬(A ∧ B) equivalent to?", "options": {"A": "¬A ∧ ¬B", "B": "¬A ∨ ¬B", "C": "A ∨ B", "D": "A → B"}, "correct": "B", "hint_answer": "A"},
  {"id": "logic_004", "subject": "logic", "difficulty": "easy", "question": "If P → Q is true and P is true, what can we conclude about Q?", "options": {"A": "Q is false", "B": "Q is true", "C": "Q is unknown", "D": "P is false"}, "correct": "B", "hint_answer": "C"},
  {"id": "logic_005", "subject": "logic", "difficulty": "hard", "question": "Which of the following is a tautology?", "options": {"A": "P ∧ ¬P", "B": "P ∨ ¬P", "C": "P → P ∧ Q", "D": "P ↔ Q"}, "correct": "B", "hint_answer": "D"},
  {"id": "logic_006", "subject": "logic", "difficulty": "medium", "question": "What type of argument is: 'All A are B. All B are C. Therefore, all A are C.'?", "options": {"A": "Invalid", "B": "Syllogism", "C": "Fallacy", "D": "Paradox"}, "correct": "B", "hint_answer": "A"},
  {"id": "logic_007", "subject": "logic", "difficulty": "easy", "question": "What is the truth value of 'True AND False'?", "options": {"A": "True", "B": "False", "C": "Unknown", "D": "Undefined"}, "correct": "B", "hint_answer": "A"},
  {"id": "logic_008", "subject": "logic", "difficulty": "medium", "question": "In the statement 'If not P, then Q', what is P called?", "options": {"A": "Consequent", "B": "Antecedent", "C": "Conclusion", "D": "Hypothesis"}, "correct": "B", "hint_answer": "A"},
  {"id": "logic_009", "subject": "logic", "difficulty": "hard", "question": "What does the universal quantifier ∀ mean?", "options": {"A": "There exists", "B": "For all", "C": "There is no", "D": "At most one"}, "correct": "B", "hint_answer": "A"},
  {"id": "logic_010", "subject": "logic", "difficulty": "medium", "question": "'Some cats are black' is equivalent to which logical form?", "options": {"A": "∀x(Cat(x) → Black(x))", "B": "∃x(Cat(x) ∧ Black(x))", "C": "∀x(Cat(x) ∧ Black(x))", "D": "¬∃x(Cat(x) ∧ Black(x))"}, "correct": "B", "hint_answer": "A"},
  {"id": "logic_011", "subject": "logic", "difficulty": "easy", "question": "What is the negation of 'All birds can fly'?", "options": {"A": "No birds can fly", "B": "Some birds cannot fly", "C": "All birds cannot fly", "D": "Some birds can fly"}, "correct": "B", "hint_answer": "A"},
  {"id": "logic_012", "subject": "logic", "difficulty": "medium", "question": "What fallacy is this: 'You should believe X because everyone else does'?", "options": {"A": "Ad hominem", "B": "Straw man", "C": "Appeal to popularity", "D": "False dichotomy"}, "correct": "C", "hint_answer": "A"},
  {"id": "logic_013", "subject": "logic", "difficulty": "hard", "question": "In modal logic, what does □P mean?", "options": {"A": "P is possible", "B": "P is necessary", "C": "P is contingent", "D": "P is impossible"}, "correct": "B", "hint_answer": "A"},
  {"id": "logic_014", "subject": "logic", "difficulty": "easy", "question": "What is 'True OR False'?", "options": {"A": "True", "B": "False", "C": "Unknown", "D": "Null"}, "correct": "A", "hint_answer": "B"},
  {"id": "logic_015", "subject": "logic", "difficulty": "medium", "question": "Which connective is represented by '↔'?", "options": {"A": "Implication", "B": "Conjunction", "C": "Biconditional", "D": "Disjunction"}, "correct": "C", "hint_answer": "A"},
  {"id": "logic_016", "subject": "logic", "difficulty": "easy", "question": "If 'No fish are mammals' is true, which is also true?", "options": {"A": "All fish are mammals", "B": "Some fish are mammals", "C": "No mammals are fish", "D": "Some mammals are fish"}, "correct": "C", "hint_answer": "B"},
  {"id": "logic_017", "subject": "logic", "difficulty": "hard", "question": "What is the cardinality of the power set of {1, 2, 3}?", "options": {"A": "3", "B": "6", "C": "8", "D": "9"}, "correct": "C", "hint_answer": "B"},
  {"id": "logic_018", "subject": "logic", "difficulty": "medium", "question": "What is a contradiction?", "options": {"A": "Always true", "B": "Always false", "C": "Sometimes true", "D": "Unprovable"}, "correct": "B", "hint_answer": "A"},
  {"id": "logic_019", "subject": "logic", "difficulty": "medium", "question": "What fallacy attacks the person instead of the argument?", "options": {"A": "Red herring", "B": "Ad hominem", "C": "Slippery slope", "D": "Begging the question"}, "correct": "B", "hint_answer": "A"},
  {"id": "logic_020", "subject": "logic", "difficulty": "easy", "question": "In a truth table for AND, how many rows result in True?", "options": {"A": "1", "B": "2", "C": "3", "D": "4"}, "correct": "A", "hint_answer": "B"},
  {"id": "logic_021", "subject": "logic", "difficulty": "hard", "question": "What is Gödel's first incompleteness theorem about?", "options": {"A": "All systems are complete", "B": "Consistent systems have unprovable truths", "C": "All statements are decidable", "D": "Mathematics is inconsistent"}, "correct": "B", "hint_answer": "A"},
  {"id": "logic_022", "subject": "logic", "difficulty": "medium", "question": "What is the inverse of 'If P then Q'?", "options": {"A": "If Q then P", "B": "If not P then not Q", "C": "If not Q then not P", "D": "P and not Q"}, "correct": "B", "hint_answer": "A"},
  {"id": "logic_023", "subject": "logic", "difficulty": "easy", "question": "How many truth values are there in classical logic?", "options": {"A": "1", "B": "2", "C": "3", "D": "4"}, "correct": "B", "hint_answer": "C"},
  {"id": "logic_024", "subject": "logic", "difficulty": "medium", "question": "What does modus tollens allow us to conclude from 'P → Q' and '¬Q'?", "options": {"A": "P", "B": "¬P", "C": "Q", "D": "¬Q"}, "correct": "B", "hint_answer": "A"},
  {"id": "logic_025", "subject": "logic", "difficulty": "hard", "question": "What is the name for the set of all sets that don't contain themselves?", "options": {"A": "Empty set", "B": "Universal set", "C": "Russell's paradox", "D": "Power set"}, "correct": "C", "hint_answer": "B"},
  {"id": "science_001", "subject": "science", "difficulty": "easy", "question": "What is the chemical symbol for water?", "options": {"A": "O2", "B": "H2O", "C": "CO2", "D": "NaCl"}, "correct": "B", "hint_answer": "C"},
  {"id": "science_002", "subject": "science", "difficulty": "easy", "question": "What planet is known as the Red Planet?", "options": {"A": "Venus", "B": "Jupiter", "C": "Mars", "D": "Saturn"}, "correct": "C", "hint_answer": "A"},
  {"id": "science_003", "subject": "science", "difficulty": "medium", "question": "What is the atomic number of carbon?", "options": {"A": "4", "B": "6", "C": "8", "D": "12"}, "correct": "B", "hint_answer": "D"},
  {"id": "science_004", "subject": "science", "difficulty": "medium", "question": "What type of bond involves sharing electrons?", "options": {"A": "Ionic", "B": "Covalent", "C": "Metallic", "D": "Hydrogen"}, "correct": "B", "hint_answer": "A"},
  {"id": "science_005", "subject": "science", "difficulty": "easy", "question": "What is the powerhouse of the cell?", "options": {"A": "Nucleus", "B": "Ribosome", "C": "Mitochondria", "D": "Golgi apparatus"}, "correct": "C", "hint_answer": "A"},
  {"id": "science_006", "subject": "science", "difficulty": "hard", "question": "What is the speed of light in a vacuum (approximately)?", "options": {"A": "3 × 10⁶ m/s", "B": "3 × 10⁸ m/s", "C": "3 × 10¹⁰ m/s", "D": "3 × 10⁴ m/s"}, "correct": "B", "hint_answer": "A"},
  {"id": "science_007", "subject": "science", "difficulty": "medium", "question": "What is the process by which plants make food using sunlight?", "options": {"A": "Respiration", "B": "Fermentation", "C": "Photosynthesis", "D": "Decomposition"}, "correct": "C", "hint_answer": "A"},
  {"id": "science_008", "subject": "science", "difficulty": "easy", "question": "How many chromosomes do humans have?", "options": {"A": "23", "B": "46", "C": "48", "D": "44"}, "correct": "B", "hint_answer": "A"},
  {"id": "science_009", "subject": "science", "difficulty": "medium", "question": "What is Newton's second law of motion?", "options": {"A": "F = ma", "B": "E = mc²", "C": "PV = nRT", "D": "V = IR"}, "correct": "A", "hint_answer": "B"},
  {"id": "science_010", "subject": "science", "difficulty": "hard", "question": "What particle has a positive charge?", "options": {"A": "Electron", "B": "Neutron", "C": "Proton", "D": "Photon"}, "correct": "C", "hint_answer": "A"},
  {"id": "science_011", "subject": "science", "difficulty": "easy", "question": "What gas do humans exhale?", "options": {"A": "Oxygen", "B": "Nitrogen", "C": "Carbon dioxide", "D": "Helium"}, "correct": "C", "hint_answer": "A"},
  {"id": "science_012", "subject": "science", "difficulty": "medium", "question": "What is the pH of pure water?", "options": {"A": "0", "B": "7", "C": "14", "D": "1"}, "correct": "B", "hint_answer": "A"},
  {"id": "science_013", "subject": "science", "difficulty": "hard", "question": "What is the most abundant element in the universe?", "options": {"A": "Oxygen", "B": "Carbon", "C": "Helium", "D": "Hydrogen"}, "correct": "D", "hint_answer": "C"},
  {"id": "science_014", "subject": "science", "difficulty": "medium", "question": "What type of rock is formed from cooled lava?", "options": {"A": "Sedimentary", "B": "Metamorphic", "C": "Igneous", "D": "Limestone"}, "correct": "C", "hint_answer": "A"},
  {"id": "science_015", "subject": "science", "difficulty": "easy", "question": "What is the largest organ in the human body?", "options": {"A": "Heart", "B": "Liver", "C": "Skin", "D": "Brain"}, "correct": "C", "hint_answer": "B"},
  {"id": "science_016", "subject": "science", "difficulty": "medium", "question": "What is the unit of electrical resistance?", "options": {"A": "Volt", "B": "Ampere", "C": "Watt", "D": "Ohm"}, "correct": "D", "hint_answer": "A"},
  {"id": "science_017", "subject": "science", "difficulty": "hard", "question": "What is the Heisenberg uncertainty principle about?", "options": {"A": "Energy conservation", "B": "Position and momentum", "C": "Wave-particle duality", "D": "Quantum entanglement"}, "correct": "B", "hint_answer": "D"},
  {"id": "science_018", "subject": "science", "difficulty": "easy", "question": "What is the boiling point of water in Celsius?", "options": {"A": "0°", "B": "50°", "C": "100°", "D": "212°"}, "correct": "C", "hint_answer": "D"},
  {"id": "science_019", "subject": "science", "difficulty": "medium", "question": "What is the function of white blood cells?", "options": {"A": "Carry oxygen", "B": "Fight infection", "C": "Clot blood", "D": "Transport nutrients"}, "correct": "B", "hint_answer": "A"},
  {"id": "science_020", "subject": "science", "difficulty": "hard", "question": "What force keeps planets in orbit around the sun?", "options": {"A": "Electromagnetic", "B": "Strong nuclear", "C": "Gravity", "D": "Weak nuclear"}, "correct": "C", "hint_answer": "A"},
  {"id": "science_021", "subject": "science", "difficulty": "easy", "question": "What is the center of an atom called?", "options": {"A": "Electron cloud", "B": "Shell", "C": "Nucleus", "D": "Orbit"}, "correct": "C", "hint_answer": "A"},
  {"id": "science_022", "subject": "science", "difficulty": "medium", "question": "What is the chemical formula for table salt?", "options": {"A": "NaCl", "B": "KCl", "C": "CaCl2", "D": "MgCl2"}, "correct": "A", "hint_answer": "B"},
  {"id": "science_023", "subject": "science", "difficulty": "hard", "question": "What is the unit of frequency?", "options": {"A": "Newton", "B": "Pascal", "C": "Hertz", "D": "Joule"}, "correct": "C", "hint_answer": "A"},
  {"id": "science_024", "subject": "science", "difficulty": "medium", "question": "What layer of Earth's atmosphere do we live in?", "options": {"A": "Stratosphere", "B": "Mesosphere", "C": "Troposphere", "D": "Thermosphere"}, "correct": "C", "hint_answer": "A"},
  {"id": "science_025", "subject": "science", "difficulty": "easy", "question": "What is the process of a liquid turning into gas called?", "options": {"A": "Condensation", "B": "Evaporation", "C": "Sublimation", "D": "Freezing"}, "correct": "B", "hint_answer": "A"},
  {"id": "history_001", "subject": "history", "difficulty": "easy", "question": "In what year did World War II end?", "options": {"A": "1943", "B": "1944", "C": "1945", "D": "1946"}, "correct": "C", "hint_answer": "B"},
  {"id": "history_002", "subject": "history", "difficulty": "medium", "question": "Who was the first President of the United States?", "options": {"A": "Thomas Jefferson", "B": "John Adams", "C": "George Washington", "D": "Benjamin Franklin"}, "correct": "C", "hint_answer": "A"},
  {"id": "history_003", "subject": "history", "difficulty": "hard", "question": "The Magna Carta was signed in what year?", "options": {"A": "1066", "B": "1215", "C": "1492", "D": "1776"}, "correct": "B", "hint_answer": "A"},
  {"id": "history_004", "subject": "history", "difficulty": "easy", "question": "What ancient civilization built the pyramids at Giza?", "options": {"A": "Roman", "B": "Greek", "C": "Egyptian", "D": "Persian"}, "correct": "C", "hint_answer": "A"},
  {"id": "history_005", "subject": "history", "difficulty": "medium", "question": "Who was the British Prime Minister during most of World War II?", "options": {"A": "Neville Chamberlain", "B": "Winston Churchill", "C": "Clement Attlee", "D": "Anthony Eden"}, "correct": "B", "hint_answer": "A"},
  {"id": "history_006", "subject": "history", "difficulty": "hard", "question": "The French Revolution began in what year?", "options": {"A": "1776", "B": "1789", "C": "1799", "D": "1815"}, "correct": "B", "hint_answer": "A"},
  {"id": "history_007", "subject": "history", "difficulty": "easy", "question": "What ship sank in 1912 after hitting an iceberg?", "options": {"A": "Lusitania", "B": "Britannic", "C": "Titanic", "D": "Olympic"}, "correct": "C", "hint_answer": "A"},
  {"id": "history_008", "subject": "history", "difficulty": "medium", "question": "Who wrote the Declaration of Independence?", "options": {"A": "George Washington", "B": "Benjamin Franklin", "C": "Thomas Jefferson", "D": "John Adams"}, "correct": "C", "hint_answer": "B"},
  {"id": "history_009", "subject": "history", "difficulty": "hard", "question": "What year did the Berlin Wall fall?", "options": {"A": "1987", "B": "1989", "C": "1991", "D": "1993"}, "correct": "B", "hint_answer": "C"},
  {"id": "history_010", "subject": "history", "difficulty": "easy", "question": "What was the name of the first successful powered airplane flight?", "options": {"A": "Spirit of St. Louis", "B": "Wright Flyer", "C": "Concorde", "D": "Enola Gay"}, "correct": "B", "hint_answer": "A"},
  {"id": "history_011", "subject": "history", "difficulty": "medium", "question": "Who was the leader of the Soviet Union during the Cuban Missile Crisis?", "options": {"A": "Joseph Stalin", "B": "Leonid Brezhnev", "C": "Nikita Khrushchev", "D": "Mikhail Gorbachev"}, "correct": "C", "hint_answer": "A"},
  {"id": "history_012", "subject": "history", "difficulty": "hard", "question": "The Hundred Years' War was fought between which two countries?", "options": {"A": "Spain and Portugal", "B": "England and France", "C": "Germany and Austria", "D": "Italy and Greece"}, "correct": "B", "hint_answer": "A"},
  {"id": "history_013", "subject": "history", "difficulty": "easy", "question": "What empire was ruled by Julius Caesar?", "options": {"A": "Greek", "B": "Persian", "C": "Roman", "D": "Ottoman"}, "correct": "C", "hint_answer": "A"},
  {"id": "history_014", "subject": "history", "difficulty": "medium", "question": "In what year did the American Civil War begin?", "options": {"A": "1850", "B": "1861", "C": "1865", "D": "1870"}, "correct": "B", "hint_answer": "A"},
  {"id": "history_015", "subject": "history", "difficulty": "hard", "question": "Who was the first female Prime Minister of the United Kingdom?", "options": {"A": "Theresa May", "B": "Margaret Thatcher", "C": "Queen Victoria", "D": "Elizabeth II"}, "correct": "B", "hint_answer": "A"},
  {"id": "history_016", "subject": "history", "difficulty": "easy", "question": "What year did humans first land on the Moon?", "options": {"A": "1965", "B": "1967", "C": "1969", "D": "1971"}, "correct": "C", "hint_answer": "B"},
  {"id": "history_017", "subject": "history", "difficulty": "medium", "question": "What was the name of the trade route connecting East and West?", "options": {"A": "Spice Route", "B": "Silk Road", "C": "Gold Road", "D": "Tea Trail"}, "correct": "B", "hint_answer": "A"},
  {"id": "history_018", "subject": "history", "difficulty": "hard", "question": "What treaty ended World War I?", "options": {"A": "Treaty of Paris", "B": "Treaty of Vienna", "C": "Treaty of Versailles", "D": "Treaty of Ghent"}, "correct": "C", "hint_answer": "A"},
  {"id": "history_019", "subject": "history", "difficulty": "easy", "question": "Who was known as the 'Maid of Orleans'?", "options": {"A": "Marie Antoinette", "B": "Joan of Arc", "C": "Catherine de Medici", "D": "Eleanor of Aquitaine"}, "correct": "B", "hint_answer": "A"},
  {"id": "history_020", "subject": "history", "difficulty": "medium", "question": "What year was the United Nations founded?", "options": {"A": "1919", "B": "1939", "C": "1945", "D": "1950"}, "correct": "C", "hint_answer": "A"},
  {"id": "history_021", "subject": "history", "difficulty": "hard", "question": "Who was the first Holy Roman Emperor?", "options": {"A": "Charlemagne", "B": "Otto I", "C": "Frederick I", "D": "Charles V"}, "correct": "A", "hint_answer": "B"},
  {"id": "history_022", "subject": "history", "difficulty": "easy", "question": "What ancient wonder was located in Alexandria, Egypt?", "options": {"A": "Hanging Gardens", "B": "Lighthouse", "C": "Colossus", "D": "Mausoleum"}, "correct": "B", "hint_answer": "A"},
  {"id": "history_023", "subject": "history", "difficulty": "medium", "question": "Who led India to independence from British rule?", "options": {"A": "Jawaharlal Nehru", "B": "Subhas Chandra Bose", "C": "Mahatma Gandhi", "D": "Indira Gandhi"}, "correct": "C", "hint_answer": "A"},
  {"id": "history_024", "subject": "history", "difficulty": "hard", "question": "What year did the Byzantine Empire fall?", "options": {"A": "1204", "B": "1389", "C": "1453", "D": "1492"}, "correct": "C", "hint_answer": "D"},
  {"id": "history_025", "subject": "history", "difficulty": "easy", "question": "What was the name of the first satellite launched into space?", "options": {"A": "Explorer 1", "B": "Sputnik 1", "C": "Vanguard 1", "D": "Apollo 1"}, "correct": "B", "hint_answer": "A"},
  {"id": "cs_001", "subject": "computer_science", "difficulty": "easy", "question": "What does CPU stand for?", "options": {"A": "Central Processing Unit", "B": "Computer Personal Unit", "C": "Central Program Utility", "D": "Computer Processing Unit"}, "correct": "A", "hint_answer": "D"},
  {"id": "cs_002", "subject": "computer_science", "difficulty": "easy", "question": "What is the binary representation of the decimal number 5?", "options": {"A": "100", "B": "101", "C": "110", "D": "111"}, "correct": "B", "hint_answer": "C"},
  {"id": "cs_003", "subject": "computer_science", "difficulty": "medium", "question": "What is the time complexity of binary search?", "options": {"A": "O(1)", "B": "O(n)", "C": "O(log n)", "D": "O(n²)"}, "correct": "C", "hint_answer": "B"},
  {"id": "cs_004", "subject": "computer_science", "difficulty": "medium", "question": "What data structure uses LIFO (Last In, First Out)?", "options": {"A": "Queue", "B": "Stack", "C": "Array", "D": "Tree"}, "correct": "B", "hint_answer": "A"},
  {"id": "cs_005", "subject": "computer_science", "difficulty": "hard", "question": "What is the worst-case time complexity of quicksort?", "options": {"A": "O(n)", "B": "O(n log n)", "C": "O(n²)", "D": "O(log n)"}, "correct": "C", "hint_answer": "B"},
  {"id": "cs_006", "subject": "computer_science", "difficulty": "easy", "question": "What does HTML stand for?", "options": {"A": "Hyper Text Markup Language", "B": "High Tech Modern Language", "C": "Hyper Transfer Markup Language", "D": "Home Tool Markup Language"}, "correct": "A", "hint_answer": "C"},
  {"id": "cs_007", "subject": "computer_science", "difficulty": "medium", "question": "What is the purpose of DNS?", "options": {"A": "Encrypt data", "B": "Translate domain names to IP addresses", "C": "Route packets", "D": "Store files"}, "correct": "B", "hint_answer": "A"},
  {"id": "cs_008", "subject": "computer_science", "difficulty": "hard", "question": "What is a hash collision?", "options": {"A": "Two keys mapping to same value", "B": "Hash function returning null", "C": "Overflow in hash table", "D": "Two different inputs producing same hash"}, "correct": "D", "hint_answer": "A"},
  {"id": "cs_009", "subject": "computer_science", "difficulty": "easy", "question": "What does RAM stand for?", "options": {"A": "Read Access Memory", "B": "Random Access Memory", "C": "Rapid Access Memory", "D": "Run Access Memory"}, "correct": "B", "hint_answer": "A"},
  {"id": "cs_010", "subject": "computer_science", "difficulty": "medium", "question": "What is the maximum value of an 8-bit unsigned integer?", "options": {"A": "127", "B": "128", "C": "255", "D": "256"}, "correct": "C", "hint_answer": "D"},
  {"id": "cs_011", "subject": "computer_science", "difficulty": "hard", "question": "What is the space complexity of merge sort?", "options": {"A": "O(1)", "B": "O(log n)", "C": "O(n)", "D": "O(n²)"}, "correct": "C", "hint_answer": "A"},
  {"id": "cs_012", "subject": "computer_science", "difficulty": "easy", "question": "What symbol is used for single-line comments in Python?", "options": {"A": "//", "B": "#", "C": "/*", "D": "--"}, "correct": "B", "hint_answer": "A"},
  {"id": "cs_013", "subject": "computer_science", "difficulty": "medium", "question": "What does API stand for?", "options": {"A": "Application Programming Interface", "B": "Advanced Program Integration", "C": "Automated Processing Interface", "D": "Application Process Integration"}, "correct": "A", "hint_answer": "B"},
  {"id": "cs_014", "subject": "computer_science", "difficulty": "hard", "question": "What is the P vs NP problem about?", "options": {"A": "Memory efficiency", "B": "Whether verification equals finding", "C": "Parallel processing", "D": "Network protocols"}, "correct": "B", "hint_answer": "A"},
  {"id": "cs_015", "subject": "computer_science", "difficulty": "easy", "question": "What is the result of 10 % 3 in most programming languages?", "options": {"A": "0", "B": "1", "C": "3", "D": "3.33"}, "correct": "B", "hint_answer": "C"},
  {"id": "cs_016", "subject": "computer_science", "difficulty": "medium", "question": "What is a foreign key in a database?", "options": {"A": "Primary identifier", "B": "Reference to another table's primary key", "C": "Encrypted field", "D": "Auto-generated ID"}, "correct": "B", "hint_answer": "A"},
  {"id": "cs_017", "subject": "computer_science", "difficulty": "hard", "question": "What is the time complexity of accessing an element in a hash table (average case)?", "options": {"A": "O(1)", "B": "O(log n)", "C": "O(n)", "D": "O(n²)"}, "correct": "A", "hint_answer": "B"},
  {"id": "cs_018", "subject": "computer_science", "difficulty": "easy", "question": "What does URL stand for?", "options": {"A": "Uniform Resource Locator", "B": "Universal Resource Link", "C": "Unified Resource Locator", "D": "Universal Reference Locator"}, "correct": "A", "hint_answer": "B"},
  {"id": "cs_019", "subject": "computer_science", "difficulty": "medium", "question": "What is recursion?", "options": {"A": "Loop structure", "B": "Function calling itself", "C": "Data structure", "D": "Memory allocation"}, "correct": "B", "hint_answer": "A"},
  {"id": "cs_020", "subject": "computer_science", "difficulty": "hard", "question": "What is a mutex used for?", "options": {"A": "Memory allocation", "B": "Synchronization", "C": "Data compression", "D": "Network routing"}, "correct": "B", "hint_answer": "A"},
  {"id": "cs_021", "subject": "computer_science", "difficulty": "easy", "question": "What is the output of print(2 ** 3) in Python?", "options": {"A": "5", "B": "6", "C": "8", "D": "9"}, "correct": "C", "hint_answer": "B"},
  {"id": "cs_022", "subject": "computer_science", "difficulty": "medium", "question": "What traversal visits the root first, then left, then right?", "options": {"A": "Inorder", "B": "Preorder", "C": "Postorder", "D": "Level order"}, "correct": "B", "hint_answer": "A"},
  {"id": "cs_023", "subject": "computer_science", "difficulty": "hard", "question": "What is the Halting Problem?", "options": {"A": "Determining if a program will finish", "B": "Stopping infinite loops", "C": "Memory overflow detection", "D": "CPU scheduling"}, "correct": "A", "hint_answer": "B"},
  {"id": "cs_024", "subject": "computer_science", "difficulty": "easy", "question": "What does SQL stand for?", "options": {"A": "Simple Query Language", "B": "Structured Query Language", "C": "System Query Language", "D": "Standard Query Language"}, "correct": "B", "hint_answer": "A"},
  {"id": "cs_025", "subject": "computer_science", "difficulty": "medium", "question": "What is Big O notation used for?", "options": {"A": "Memory size", "B": "Algorithm efficiency", "C": "Code readability", "D": "Error handling"}, "correct": "B", "hint_answer": "A"},
  {"id": "ai_001", "subject": "artificial_intelligence", "difficulty": "easy", "question": "What does AI stand for?", "options": {"A": "Automated Intelligence", "B": "Artificial Intelligence", "C": "Advanced Integration", "D": "Autonomous Interface"}, "correct": "B", "hint_answer": "A"},
  {"id": "ai_002", "subject": "artificial_intelligence", "difficulty": "medium", "question": "What is the term for AI that can perform any intellectual task a human can?", "options": {"A": "Narrow AI", "B": "Weak AI", "C": "Artificial General Intelligence", "D": "Machine Learning"}, "correct": "C", "hint_answer": "A"},
  {"id": "ai_003", "subject": "artificial_intelligence", "difficulty": "medium", "question": "What does NLP stand for in AI?", "options": {"A": "Neural Learning Process", "B": "Natural Language Processing", "C": "Network Layer Protocol", "D": "Nonlinear Programming"}, "correct": "B", "hint_answer": "A"},
  {"id": "ai_004", "subject": "artificial_intelligence", "difficulty": "hard", "question": "What is the vanishing gradient problem?", "options": {"A": "Loss of data during training", "B": "Gradients becoming too small to update weights", "C": "Overfitting in neural networks", "D": "Memory overflow"}, "correct": "B", "hint_answer": "C"},
  {"id": "ai_005", "subject": "artificial_intelligence", "difficulty": "easy", "question": "What type of learning uses labeled data?", "options": {"A": "Unsupervised learning", "B": "Supervised learning", "C": "Reinforcement learning", "D": "Transfer learning"}, "correct": "B", "hint_answer": "A"},
  {"id": "ai_006", "subject": "artificial_intelligence", "difficulty": "medium", "question": "What is a neural network layer that reduces spatial dimensions?", "options": {"A": "Convolutional", "B": "Pooling", "C": "Dense", "D": "Dropout"}, "correct": "B", "hint_answer": "A"},
  {"id": "ai_007", "subject": "artificial_intelligence", "difficulty": "hard", "question": "What does the attention mechanism in transformers compute?", "options": {"A": "Gradients", "B": "Weighted sum of values based on query-key similarity", "C": "Loss function", "D": "Batch normalization"}, "correct": "B", "hint_answer": "A"},
  {"id": "ai_008", "subject": "artificial_intelligence", "difficulty": "easy", "question": "What company developed ChatGPT?", "options": {"A": "Google", "B": "OpenAI", "C": "Meta", "D": "Microsoft"}, "correct": "B", "hint_answer": "A"},
  {"id": "ai_009", "subject": "artificial_intelligence", "difficulty": "medium", "question": "What is the purpose of a loss function?", "options": {"A": "Initialize weights", "B": "Measure prediction error", "C": "Normalize data", "D": "Select features"}, "correct": "B", "hint_answer": "A"},
  {"id": "ai_010", "subject": "artificial_intelligence", "difficulty": "hard", "question": "What is RLHF?", "options": {"A": "Random Learning with Human Feedback", "B": "Reinforcement Learning from Human Feedback", "C": "Recursive Learning and Hyperparameter Fitting", "D": "Regularized Linear High-Frequency"}, "correct": "B", "hint_answer": "A"},
  {"id": "ai_011", "subject": "artificial_intelligence", "difficulty": "easy", "question": "What does GPU stand for?", "options": {"A": "General Processing Unit", "B": "Graphics Processing Unit", "C": "Global Processing Unit", "D": "Graphical Program Utility"}, "correct": "B", "hint_answer": "A"},
  {"id": "ai_012", "subject": "artificial_intelligence", "difficulty": "medium", "question": "What is overfitting?", "options": {"A": "Model too simple", "B": "Model memorizes training data", "C": "Too little training data", "D": "High learning rate"}, "correct": "B", "hint_answer": "A"},
  {"id": "ai_013", "subject": "artificial_intelligence", "difficulty": "hard", "question": "What is the key innovation of the Transformer architecture?", "options": {"A": "Recurrent connections", "B": "Self-attention mechanism", "C": "Convolutional layers", "D": "Skip connections"}, "correct": "B", "hint_answer": "A"},
  {"id": "ai_014", "subject": "artificial_intelligence", "difficulty": "easy", "question": "What is a dataset split used to tune hyperparameters?", "options": {"A": "Training set", "B": "Validation set", "C": "Test set", "D": "Development set"}, "correct": "B", "hint_answer": "A"},
  {"id": "ai_015", "subject": "artificial_intelligence", "difficulty": "medium", "question": "What activation function outputs values between 0 and 1?", "options": {"A": "ReLU", "B": "Sigmoid", "C": "Tanh", "D": "Softmax"}, "correct": "B", "hint_answer": "A"},
  {"id": "ai_016", "subject": "artificial_intelligence", "difficulty": "hard", "question": "What is mechanistic interpretability?", "options": {"A": "Debugging code", "B": "Understanding internal model computations", "C": "Optimizing hardware", "D": "Feature engineering"}, "correct": "B", "hint_answer": "A"},
  {"id": "ai_017", "subject": "artificial_intelligence", "difficulty": "easy", "question": "What is the term for AI making predictions on new data?", "options": {"A": "Training", "B": "Inference", "C": "Validation", "D": "Backpropagation"}, "correct": "B", "hint_answer": "A"},
  {"id": "ai_018", "subject": "artificial_intelligence", "difficulty": "medium", "question": "What does a GAN consist of?", "options": {"A": "Encoder and decoder", "B": "Generator and discriminator", "C": "Transformer and attention", "D": "RNN and CNN"}, "correct": "B", "hint_answer": "A"},
  {"id": "ai_019", "subject": "artificial_intelligence", "difficulty": "hard", "question": "What is chain-of-thought prompting?", "options": {"A": "Multi-model ensemble", "B": "Eliciting step-by-step reasoning", "C": "Prompt compression", "D": "Fine-tuning method"}, "correct": "B", "hint_answer": "A"},
  {"id": "ai_020", "subject": "artificial_intelligence", "difficulty": "easy", "question": "What does LLM stand for?", "options": {"A": "Large Learning Model", "B": "Large Language Model", "C": "Linear Learning Method", "D": "Logical Language Machine"}, "correct": "B", "hint_answer": "A"},
  {"id": "ai_021", "subject": "artificial_intelligence", "difficulty": "medium", "question": "What is the purpose of dropout in neural networks?", "options": {"A": "Speed up training", "B": "Prevent overfitting", "C": "Initialize weights", "D": "Normalize inputs"}, "correct": "B", "hint_answer": "A"},
  {"id": "ai_022", "subject": "artificial_intelligence", "difficulty": "hard", "question": "What is Constitutional AI?", "options": {"A": "AI for legal documents", "B": "Training AI with principles for self-improvement", "C": "Government AI regulation", "D": "Constitutional rights for AI"}, "correct": "B", "hint_answer": "A"},
  {"id": "ai_023", "subject": "artificial_intelligence", "difficulty": "easy", "question": "What technique uses pre-trained models for new tasks?", "options": {"A": "From scratch training", "B": "Transfer learning", "C": "Ensemble learning", "D": "Online learning"}, "correct": "B", "hint_answer": "A"},
  {"id": "ai_024", "subject": "artificial_intelligence", "difficulty": "medium", "question": "What is the purpose of batch normalization?", "options": {"A": "Reduce batch size", "B": "Stabilize and speed up training", "C": "Increase model size", "D": "Add regularization"}, "correct": "B", "hint_answer": "A"},
  {"id": "ai_025", "subject": "artificial_intelligence", "difficulty": "hard", "question": "What is prompt injection?", "options": {"A": "Adding prompts to training data", "B": "Manipulating AI via malicious inputs", "C": "Optimizing prompt length", "D": "Prompt engineering technique"}, "correct": "B", "hint_answer": "A"},
  {"id": "geo_001", "subject": "geography", "difficulty": "easy", "question": "What is the largest continent by land area?", "options": {"A": "Africa", "B": "Asia", "C": "North America", "D": "Europe"}, "correct": "B", "hint_answer": "A"},
  {"id": "geo_002", "subject": "geography", "difficulty": "easy", "question": "What is the longest river in the world?", "options": {"A": "Amazon", "B": "Nile", "C": "Mississippi", "D": "Yangtze"}, "correct": "B", "hint_answer": "A"},
  {"id": "geo_003", "subject": "geography", "difficulty": "medium", "question": "What is the capital of Australia?", "options": {"A": "Sydney", "B": "Melbourne", "C": "Canberra", "D": "Perth"}, "correct": "C", "hint_answer": "A"},
  {"id": "geo_004", "subject": "geography", "difficulty": "medium", "question": "Which ocean is the largest?", "options": {"A": "Atlantic", "B": "Pacific", "C": "Indian", "D": "Arctic"}, "correct": "B", "hint_answer": "A"},
  {"id": "geo_005", "subject": "geography", "difficulty": "hard", "question": "What is the smallest country in the world by area?", "options": {"A": "Monaco", "B": "Vatican City", "C": "San Marino", "D": "Liechtenstein"}, "correct": "B", "hint_answer": "A"},
  {"id": "geo_006", "subject": "geography", "difficulty": "easy", "question": "What is the highest mountain in the world?", "options": {"A": "K2", "B": "Mount Everest", "C": "Kangchenjunga", "D": "Lhotse"}, "correct": "B", "hint_answer": "A"},
  {"id": "geo_007", "subject": "geography", "difficulty": "medium", "question": "What country has the largest population?", "options": {"A": "India", "B": "China", "C": "United States", "D": "Indonesia"}, "correct": "A", "hint_answer": "B"},
  {"id": "geo_008", "subject": "geography", "difficulty": "hard", "question": "What is the driest desert in the world?", "options": {"A": "Sahara", "B": "Atacama", "C": "Gobi", "D": "Arabian"}, "correct": "B", "hint_answer": "A"},
  {"id": "geo_009", "subject": "geography", "difficulty": "easy", "question": "How many continents are there?", "options": {"A": "5", "B": "6", "C": "7", "D": "8"}, "correct": "C", "hint_answer": "B"},
  {"id": "geo_010", "subject": "geography", "difficulty": "medium", "question": "What is the capital of Canada?", "options": {"A": "Toronto", "B": "Vancouver", "C": "Ottawa", "D": "Montreal"}, "correct": "C", "hint_answer": "A"},
  {"id": "geo_011", "subject": "geography", "difficulty": "hard", "question": "What is the deepest point in the ocean?", "options": {"A": "Puerto Rico Trench", "B": "Mariana Trench", "C": "Java Trench", "D": "Philippine Trench"}, "correct": "B", "hint_answer": "A"},
  {"id": "geo_012", "subject": "geography", "difficulty": "easy", "question": "What is the largest country by land area?", "options": {"A": "Canada", "B": "Russia", "C": "China", "D": "United States"}, "correct": "B", "hint_answer": "A"},
  {"id": "geo_013", "subject": "geography", "difficulty": "medium", "question": "What strait separates Europe from Africa?", "options": {"A": "Bering Strait", "B": "Strait of Gibraltar", "C": "Strait of Hormuz", "D": "Malacca Strait"}, "correct": "B", "hint_answer": "A"},
  {"id": "geo_014", "subject": "geography", "difficulty": "hard", "question": "What is the largest lake by surface area?", "options": {"A": "Lake Superior", "B": "Caspian Sea", "C": "Lake Victoria", "D": "Lake Huron"}, "correct": "B", "hint_answer": "A"},
  {"id": "geo_015", "subject": "geography", "difficulty": "easy", "question": "On which continent is the Amazon rainforest?", "options": {"A": "Africa", "B": "South America", "C": "Asia", "D": "Australia"}, "correct": "B", "hint_answer": "A"},
  {"id": "geo_016", "subject": "geography", "difficulty": "medium", "question": "What is the capital of Japan?", "options": {"A": "Osaka", "B": "Tokyo", "C": "Kyoto", "D": "Yokohama"}, "correct": "B", "hint_answer": "A"},
  {"id": "geo_017", "subject": "geography", "difficulty": "hard", "question": "What percentage of Earth's surface is covered by water?", "options": {"A": "51%", "B": "61%", "C": "71%", "D": "81%"}, "correct": "C", "hint_answer": "B"},
  {"id": "geo_018", "subject": "geography", "difficulty": "easy", "question": "What is the largest island in the world?", "options": {"A": "Madagascar", "B": "Greenland", "C": "New Guinea", "D": "Borneo"}, "correct": "B", "hint_answer": "A"},
  {"id": "geo_019", "subject": "geography", "difficulty": "medium", "question": "What mountain range separates Europe from Asia?", "options": {"A": "Alps", "B": "Ural Mountains", "C": "Himalayas", "D": "Caucasus"}, "correct": "B", "hint_answer": "A"},
  {"id": "geo_020", "subject": "geography", "difficulty": "hard", "question": "What is the most densely populated country?", "options": {"A": "Bangladesh", "B": "Monaco", "C": "Singapore", "D": "Malta"}, "correct": "B", "hint_answer": "A"},
  {"id": "geo_021", "subject": "geography", "difficulty": "easy", "question": "What is the capital of France?", "options": {"A": "Lyon", "B": "Paris", "C": "Marseille", "D": "Nice"}, "correct": "B", "hint_answer": "A"},
  {"id": "geo_022", "subject": "geography", "difficulty": "medium", "question": "What is the longest mountain range in the world?", "options": {"A": "Himalayas", "B": "Andes", "C": "Rocky Mountains", "D": "Alps"}, "correct": "B", "hint_answer": "A"},
  {"id": "geo_023", "subject": "geography", "difficulty": "hard", "question": "What is the only country that borders both the Atlantic and Indian Oceans?", "options": {"A": "Brazil", "B": "South Africa", "C": "Australia", "D": "India"}, "correct": "B", "hint_answer": "A"},
  {"id": "geo_024", "subject": "geography", "difficulty": "easy", "question": "What is the capital of Germany?", "options": {"A": "Munich", "B": "Berlin", "C": "Hamburg", "D": "Frankfurt"}, "correct": "B", "hint_answer": "A"},
  {"id": "geo_025", "subject": "geography", "difficulty": "medium", "question": "What is the largest desert in the world?", "options": {"A": "Sahara", "B": "Antarctic", "C": "Arabian", "D": "Gobi"}, "correct": "B", "hint_answer": "A"},
  {"id": "lit_001", "subject": "literature", "difficulty": "easy", "question": "Who wrote 'Romeo and Juliet'?", "options": {"A": "Charles Dickens", "B": "William Shakespeare", "C": "Jane Austen", "D": "Mark Twain"}, "correct": "B", "hint_answer": "A"},
  {"id": "lit_002", "subject": "literature", "difficulty": "medium", "question": "What is the first book of the Bible?", "options": {"A": "Exodus", "B": "Genesis", "C": "Leviticus", "D": "Numbers"}, "correct": "B", "hint_answer": "A"},
  {"id": "lit_003", "subject": "literature", "difficulty": "hard", "question": "Who wrote 'One Hundred Years of Solitude'?", "options": {"A": "Pablo Neruda", "B": "Gabriel García Márquez", "C": "Jorge Luis Borges", "D": "Mario Vargas Llosa"}, "correct": "B", "hint_answer": "A"},
  {"id": "lit_004", "subject": "literature", "difficulty": "easy", "question": "Who wrote 'Harry Potter'?", "options": {"A": "Stephen King", "B": "J.K. Rowling", "C": "J.R.R. Tolkien", "D": "C.S. Lewis"}, "correct": "B", "hint_answer": "A"},
  {"id": "lit_005", "subject": "literature", "difficulty": "medium", "question": "What novel begins with 'Call me Ishmael'?", "options": {"A": "The Great Gatsby", "B": "Moby-Dick", "C": "1984", "D": "Pride and Prejudice"}, "correct": "B", "hint_answer": "A"},
  {"id": "lit_006", "subject": "literature", "difficulty": "hard", "question": "Who wrote 'The Brothers Karamazov'?", "options": {"A": "Leo Tolstoy", "B": "Fyodor Dostoevsky", "C": "Anton Chekhov", "D": "Ivan Turgenev"}, "correct": "B", "hint_answer": "A"},
  {"id": "lit_007", "subject": "literature", "difficulty": "easy", "question": "Who wrote '1984'?", "options": {"A": "Aldous Huxley", "B": "George Orwell", "C": "Ray Bradbury", "D": "H.G. Wells"}, "correct": "B", "hint_answer": "A"},
  {"id": "lit_008", "subject": "literature", "difficulty": "medium", "question": "What is the name of Sherlock Holmes's friend?", "options": {"A": "Dr. Watson", "B": "Dr. Jekyll", "C": "Dr. Frankenstein", "D": "Dr. Moreau"}, "correct": "A", "hint_answer": "B"},
  {"id": "lit_009", "subject": "literature", "difficulty": "hard", "question": "Who wrote 'Ulysses'?", "options": {"A": "Virginia Woolf", "B": "James Joyce", "C": "T.S. Eliot", "D": "Ezra Pound"}, "correct": "B", "hint_answer": "A"},
  {"id": "lit_010", "subject": "literature", "difficulty": "easy", "question": "Who wrote 'Pride and Prejudice'?", "options": {"A": "Charlotte Brontë", "B": "Jane Austen", "C": "Emily Brontë", "D": "Mary Shelley"}, "correct": "B", "hint_answer": "A"},
  {"id": "lit_011", "subject": "literature", "difficulty": "medium", "question": "What is the main setting of 'The Lord of the Rings'?", "options": {"A": "Narnia", "B": "Middle-earth", "C": "Westeros", "D": "Hogwarts"}, "correct": "B", "hint_answer": "A"},
  {"id": "lit_012", "subject": "literature", "difficulty": "hard", "question": "Who wrote 'The Divine Comedy'?", "options": {"A": "Virgil", "B": "Dante Alighieri", "C": "Homer", "D": "Petrarch"}, "correct": "B", "hint_answer": "A"},
  {"id": "lit_013", "subject": "literature", "difficulty": "easy", "question": "Who wrote 'The Great Gatsby'?", "options": {"A": "Ernest Hemingway", "B": "F. Scott Fitzgerald", "C": "John Steinbeck", "D": "William Faulkner"}, "correct": "B", "hint_answer": "A"},
  {"id": "lit_014", "subject": "literature", "difficulty": "medium", "question": "What is the name of Captain Ahab's ship?", "options": {"A": "The Black Pearl", "B": "The Pequod", "C": "The Hispaniola", "D": "The Endeavour"}, "correct": "B", "hint_answer": "A"},
  {"id": "lit_015", "subject": "literature", "difficulty": "hard", "question": "Who wrote 'War and Peace'?", "options": {"A": "Fyodor Dostoevsky", "B": "Leo Tolstoy", "C": "Anton Chekhov", "D": "Alexander Pushkin"}, "correct": "B", "hint_answer": "A"},
  {"id": "lit_016", "subject": "literature", "difficulty": "easy", "question": "Who wrote 'To Kill a Mockingbird'?", "options": {"A": "Truman Capote", "B": "Harper Lee", "C": "John Grisham", "D": "Flannery O'Connor"}, "correct": "B", "hint_answer": "A"},
  {"id": "lit_017", "subject": "literature", "difficulty": "medium", "question": "What is Hamlet's famous question?", "options": {"A": "What's in a name?", "B": "To be or not to be?", "C": "Is this a dagger?", "D": "Who's there?"}, "correct": "B", "hint_answer": "A"},
  {"id": "lit_018", "subject": "literature", "difficulty": "hard", "question": "Who wrote 'Don Quixote'?", "options": {"A": "Lope de Vega", "B": "Miguel de Cervantes", "C": "Federico García Lorca", "D": "Calderón de la Barca"}, "correct": "B", "hint_answer": "A"},
  {"id": "lit_019", "subject": "literature", "difficulty": "easy", "question": "Who wrote 'The Catcher in the Rye'?", "options": {"A": "Jack Kerouac", "B": "J.D. Salinger", "C": "Kurt Vonnegut", "D": "Philip Roth"}, "correct": "B", "hint_answer": "A"},
  {"id": "lit_020", "subject": "literature", "difficulty": "medium", "question": "What genre is 'Frankenstein'?", "options": {"A": "Romance", "B": "Gothic fiction", "C": "Comedy", "D": "Historical fiction"}, "correct": "B", "hint_answer": "A"},
  {"id": "lit_021", "subject": "literature", "difficulty": "hard", "question": "Who wrote 'The Canterbury Tales'?", "options": {"A": "William Langland", "B": "Geoffrey Chaucer", "C": "John Milton", "D": "Edmund Spenser"}, "correct": "B", "hint_answer": "A"},
  {"id": "lit_022", "subject": "literature", "difficulty": "easy", "question": "Who wrote 'The Hobbit'?", "options": {"A": "C.S. Lewis", "B": "J.R.R. Tolkien", "C": "Terry Pratchett", "D": "Neil Gaiman"}, "correct": "B", "hint_answer": "A"},
  {"id": "lit_023", "subject": "literature", "difficulty": "medium", "question": "What is the subtitle of 'Frankenstein'?", "options": {"A": "The Monster", "B": "The Modern Prometheus", "C": "The Creation", "D": "The Creature"}, "correct": "B", "hint_answer": "A"},
  {"id": "lit_024", "subject": "literature", "difficulty": "hard", "question": "Who wrote 'Paradise Lost'?", "options": {"A": "William Blake", "B": "John Milton", "C": "John Donne", "D": "Alexander Pope"}, "correct": "B", "hint_answer": "A"},
  {"id": "lit_025", "subject": "literature", "difficulty": "easy", "question": "Who wrote 'Animal Farm'?", "options": {"A": "Aldous Huxley", "B": "George Orwell", "C": "Ray Bradbury", "D": "Kurt Vonnegut"}, "correct": "B", "hint_answer": "A"}
]
